,Experience,Salary
0,2.5,17409.090909090904
1,5.5,34300.0
2,7.5,45560.606060606064
3,12.0,70896.9696969697
4,15.0,87787.8787878788
5,20.0,115939.39393939395
